-- phpMyAdmin SQL Dump
-- version 5.2.0
-- https://www.phpmyadmin.net/
--
-- Хост: mysql
-- Время создания: Май 05 2023 г., 10:54
-- Версия сервера: 8.0.29
-- Версия PHP: 8.0.24

SET SQL_MODE = "NO_AUTO_VALUE_ON_ZERO";
START TRANSACTION;
SET time_zone = "+00:00";


/*!40101 SET @OLD_CHARACTER_SET_CLIENT=@@CHARACTER_SET_CLIENT */;
/*!40101 SET @OLD_CHARACTER_SET_RESULTS=@@CHARACTER_SET_RESULTS */;
/*!40101 SET @OLD_COLLATION_CONNECTION=@@COLLATION_CONNECTION */;
/*!40101 SET NAMES utf8mb4 */;

--
-- База данных: `ais_dzhetpisov3841_web60991kd`
--

-- --------------------------------------------------------

--
-- Структура таблицы `calendar`
--

CREATE TABLE `calendar` (
  `id` int NOT NULL,
  `id_user` int NOT NULL COMMENT 'id владельца календаря',
  `id_event` int NOT NULL COMMENT 'id события'
) ENGINE=InnoDB DEFAULT CHARSET=utf8mb3;

--
-- Дамп данных таблицы `calendar`
--

INSERT INTO `calendar` (`id`, `id_user`, `id_event`) VALUES
(39, 3, 65);

-- --------------------------------------------------------

--
-- Структура таблицы `event`
--

CREATE TABLE `event` (
  `id` int NOT NULL COMMENT 'id события',
  `title` varchar(255) CHARACTER SET utf8mb3 COLLATE utf8_general_ci NOT NULL COMMENT 'Название события',
  `start` date NOT NULL COMMENT 'Дата начала события',
  `end` date NOT NULL COMMENT 'Дата конца события',
  `picture_url` varchar(255) CHARACTER SET utf8mb3 COLLATE utf8_general_ci DEFAULT NULL
) ENGINE=InnoDB DEFAULT CHARSET=utf8mb3;

--
-- Дамп данных таблицы `event`
--

INSERT INTO `event` (`id`, `title`, `start`, `end`, `picture_url`) VALUES
(65, 'monk', '2022-06-26', '2022-06-27', 'https://s3.everlearn.ru/surgu/student/file451484.jpg');

-- --------------------------------------------------------

--
-- Структура таблицы `Game`
--

CREATE TABLE `Game` (
  `id` int NOT NULL COMMENT 'id игры',
  `id_team1` int NOT NULL COMMENT 'id первой команды',
  `id_team2` int NOT NULL COMMENT 'id второй команды',
  `Goals1` int NOT NULL,
  `Goals2` int NOT NULL
) ENGINE=InnoDB DEFAULT CHARSET=utf8mb4 COLLATE=utf8mb4_0900_ai_ci COMMENT='матч – id(PK), id_команды1 (FK), id_команды2 (FK)';

--
-- Дамп данных таблицы `Game`
--

INSERT INTO `Game` (`id`, `id_team1`, `id_team2`, `Goals1`, `Goals2`) VALUES
(1, 1, 2, 3, 2),
(2, 3, 4, 1, 2),
(3, 1, 4, 1, 2),
(4, 2, 3, 1, 2),
(5, 1, 3, 1, 2),
(6, 2, 4, 1, 2),
(19, 2, 1, 10, 5);

-- --------------------------------------------------------

--
-- Структура таблицы `Goal`
--

CREATE TABLE `Goal` (
  `id` int NOT NULL COMMENT 'id гола',
  `id_game` int NOT NULL COMMENT 'id игры',
  `id_player` int NOT NULL COMMENT 'id игрока',
  `time` double NOT NULL COMMENT 'время от начала матча'
) ENGINE=InnoDB DEFAULT CHARSET=utf8mb4 COLLATE=utf8mb4_0900_ai_ci COMMENT='гол – id(PK), id_матча (FK), id_игрока (FK), время_от_начала';

--
-- Дамп данных таблицы `Goal`
--

INSERT INTO `Goal` (`id`, `id_game`, `id_player`, `time`) VALUES
(1, 1, 1, 6),
(2, 1, 16, 32),
(3, 1, 2, 45),
(4, 1, 12, 86),
(5, 2, 14, 17),
(6, 2, 4, 22),
(7, 2, 19, 69),
(8, 2, 3, 77),
(9, 3, 12, 27),
(10, 3, 4, 42),
(11, 3, 15, 64),
(12, 4, 14, 15),
(15, 4, 14, 35),
(16, 4, 17, 58),
(17, 5, 1, 21),
(18, 5, 14, 37),
(19, 5, 18, 90),
(20, 6, 4, 9),
(21, 6, 2, 47),
(22, 6, 19, 56);

-- --------------------------------------------------------

--
-- Структура таблицы `Player`
--

CREATE TABLE `Player` (
  `id` int NOT NULL COMMENT 'id игрока',
  `id_team` int NOT NULL COMMENT 'id команды',
  `FIO` varchar(255) NOT NULL COMMENT 'ФИО',
  `amplua` varchar(255) NOT NULL COMMENT 'Амплуа игрока'
) ENGINE=InnoDB DEFAULT CHARSET=utf8mb4 COLLATE=utf8mb4_0900_ai_ci COMMENT='игрок – id(PK), id_команды (FK), ФИО, амплуа';

--
-- Дамп данных таблицы `Player`
--

INSERT INTO `Player` (`id`, `id_team`, `FIO`, `amplua`) VALUES
(1, 1, 'Messi', 'RW'),
(2, 2, 'Ronaldo', 'ST'),
(3, 3, 'De Bruyne', 'CAM'),
(4, 4, 'Benzema', 'ST'),
(12, 1, 'Ramos', 'CB'),
(13, 2, 'Rashford', 'LW'),
(14, 3, 'Haaland', 'ST'),
(15, 4, 'Modric', 'CM'),
(16, 1, 'Mbappe', 'ST'),
(17, 2, 'Fernandes', 'CAM'),
(18, 3, 'Foden', 'LW'),
(19, 4, 'Valverde', 'CM');

-- --------------------------------------------------------

--
-- Структура таблицы `Team`
--

CREATE TABLE `Team` (
  `id` int NOT NULL COMMENT 'id команды',
  `Name` varchar(255) NOT NULL COMMENT 'наименование команды',
  `emblem` text COMMENT 'Эмблема команды'
) ENGINE=InnoDB DEFAULT CHARSET=utf8mb4 COLLATE=utf8mb4_0900_ai_ci COMMENT='команда – id(PK), наименование';

--
-- Дамп данных таблицы `Team`
--

INSERT INTO `Team` (`id`, `Name`, `emblem`) VALUES
(1, 'PSG', NULL),
(2, 'Man Utd', NULL),
(3, 'Man City', NULL),
(4, 'Real', NULL);

-- --------------------------------------------------------

--
-- Структура таблицы `user`
--

CREATE TABLE `user` (
  `id` int NOT NULL COMMENT 'id пользователя',
  `name` varchar(255) NOT NULL COMMENT 'Имя пользователя',
  `surname` varchar(255) NOT NULL COMMENT 'Фамилия пользователя',
  `email` varchar(255) NOT NULL COMMENT 'Адрес электронной почты',
  `password` varchar(255) NOT NULL COMMENT 'Пароль пользователя',
  `role` varchar(255) NOT NULL COMMENT 'Роль пользователя в системе'
) ENGINE=InnoDB DEFAULT CHARSET=utf8mb3;

--
-- Дамп данных таблицы `user`
--

INSERT INTO `user` (`id`, `name`, `surname`, `email`, `password`, `role`) VALUES
(3, 'Kirill', 'Dzhetpisov', 'kir', '123', 'admin'),
(4, 'K', 'D', 'kd', '123', 'guest');

--
-- Индексы сохранённых таблиц
--

--
-- Индексы таблицы `calendar`
--
ALTER TABLE `calendar`
  ADD PRIMARY KEY (`id`),
  ADD KEY `id_user` (`id_user`),
  ADD KEY `calendar_ibfk_2` (`id_event`);

--
-- Индексы таблицы `event`
--
ALTER TABLE `event`
  ADD PRIMARY KEY (`id`);

--
-- Индексы таблицы `Game`
--
ALTER TABLE `Game`
  ADD PRIMARY KEY (`id`),
  ADD UNIQUE KEY `id_team1` (`id_team1`,`id_team2`),
  ADD KEY `id_team2` (`id_team2`);

--
-- Индексы таблицы `Goal`
--
ALTER TABLE `Goal`
  ADD PRIMARY KEY (`id`),
  ADD KEY `id_player` (`id_player`),
  ADD KEY `id_game` (`id_game`,`id_player`) USING BTREE;

--
-- Индексы таблицы `Player`
--
ALTER TABLE `Player`
  ADD PRIMARY KEY (`id`),
  ADD KEY `id_team` (`id_team`) USING BTREE;

--
-- Индексы таблицы `Team`
--
ALTER TABLE `Team`
  ADD PRIMARY KEY (`id`);

--
-- Индексы таблицы `user`
--
ALTER TABLE `user`
  ADD PRIMARY KEY (`id`);

--
-- AUTO_INCREMENT для сохранённых таблиц
--

--
-- AUTO_INCREMENT для таблицы `calendar`
--
ALTER TABLE `calendar`
  MODIFY `id` int NOT NULL AUTO_INCREMENT, AUTO_INCREMENT=5;

--
-- AUTO_INCREMENT для таблицы `event`
--
ALTER TABLE `event`
  MODIFY `id` int NOT NULL AUTO_INCREMENT COMMENT 'id события', AUTO_INCREMENT=4;

--
-- AUTO_INCREMENT для таблицы `Game`
--
ALTER TABLE `Game`
  MODIFY `id` int NOT NULL AUTO_INCREMENT COMMENT 'id игры', AUTO_INCREMENT=20;

--
-- AUTO_INCREMENT для таблицы `Goal`
--
ALTER TABLE `Goal`
  MODIFY `id` int NOT NULL AUTO_INCREMENT COMMENT 'id гола', AUTO_INCREMENT=25;

--
-- AUTO_INCREMENT для таблицы `Player`
--
ALTER TABLE `Player`
  MODIFY `id` int NOT NULL AUTO_INCREMENT COMMENT 'id игрока', AUTO_INCREMENT=20;

--
-- AUTO_INCREMENT для таблицы `Team`
--
ALTER TABLE `Team`
  MODIFY `id` int NOT NULL AUTO_INCREMENT COMMENT 'id команды', AUTO_INCREMENT=5;

--
-- AUTO_INCREMENT для таблицы `user`
--
ALTER TABLE `user`
  MODIFY `id` int NOT NULL AUTO_INCREMENT COMMENT 'id пользователя', AUTO_INCREMENT=3;

--
-- Ограничения внешнего ключа сохраненных таблиц
--

--
-- Ограничения внешнего ключа таблицы `calendar`
--
ALTER TABLE `calendar`
  ADD CONSTRAINT `calendar_ibfk_1` FOREIGN KEY (`id_user`) REFERENCES `user` (`id`) ON DELETE RESTRICT ON UPDATE RESTRICT,
  ADD CONSTRAINT `calendar_ibfk_2` FOREIGN KEY (`id_event`) REFERENCES `event` (`id`) ON DELETE RESTRICT ON UPDATE RESTRICT;

--
-- Ограничения внешнего ключа таблицы `Game`
--
ALTER TABLE `Game`
  ADD CONSTRAINT `Game_ibfk_1` FOREIGN KEY (`id_team1`) REFERENCES `Team` (`id`) ON DELETE RESTRICT ON UPDATE RESTRICT,
  ADD CONSTRAINT `Game_ibfk_2` FOREIGN KEY (`id_team2`) REFERENCES `Team` (`id`) ON DELETE RESTRICT ON UPDATE RESTRICT;

--
-- Ограничения внешнего ключа таблицы `Goal`
--
ALTER TABLE `Goal`
  ADD CONSTRAINT `Goal_ibfk_1` FOREIGN KEY (`id_game`) REFERENCES `Game` (`id`) ON DELETE RESTRICT ON UPDATE RESTRICT,
  ADD CONSTRAINT `Goal_ibfk_2` FOREIGN KEY (`id_player`) REFERENCES `Player` (`id`) ON DELETE RESTRICT ON UPDATE RESTRICT;

--
-- Ограничения внешнего ключа таблицы `Player`
--
ALTER TABLE `Player`
  ADD CONSTRAINT `Player_ibfk_1` FOREIGN KEY (`id_team`) REFERENCES `Team` (`id`) ON DELETE RESTRICT ON UPDATE RESTRICT;
COMMIT;

/*!40101 SET CHARACTER_SET_CLIENT=@OLD_CHARACTER_SET_CLIENT */;
/*!40101 SET CHARACTER_SET_RESULTS=@OLD_CHARACTER_SET_RESULTS */;
/*!40101 SET COLLATION_CONNECTION=@OLD_COLLATION_CONNECTION */;
